<?xml version="1.0" encoding="UTF-8" ?>
<configuration>
    <appender name="console" class="ch.qos.logback.core.ConsoleAppender">
        <encoder>
            <Pattern>
                [%d{yyyy-MM-dd HH:mm:ss}:%-3relative] [%thread]
                %-5level %logger{36} - %msg%n
            </Pattern>
        </encoder>

    </appender>

    <logger name="com.study.Service" level="info"/>
    <!-- log4j2-jdbc4-->
    <logger name="jdbc" level="OFF" />
    <logger name="jdbc.sqlonly" level="OFF" />
    <logger name="jdbc.sqltiming" level="DEBUG" />
    <logger name="jdbc.resultset" level="OFF" />
    <logger name="jdbc.resultsettable" level="DEBUG" />
    <logger name="jdbc.connection" level="OFF" />
    <!-- log4j2-jdbc4-->
    <root level="off">
        <appender-ref ref="console"/>
    </root>
</configuration>